Pretty Formula,A,B
HC,H1+,C1-
HN,H1+,N1-
H2O2,H1+,O1-
HF,H1+,F1-
HS,H1+,S1-
HCl,H1+,Cl1-
HBr,H1+,Br1-
HRh,H1+,Rh1-
HI,H1+,I1-
HAu,H1+,Au1-
LiH,Li1+,H1-
LiC,Li1+,C1-
LiN,Li1+,N1-
Li2O2,Li1+,O1-
LiF,Li1+,F1-
LiSi,Li1+,Si1-
LiP,Li1+,P1-
LiS,Li1+,S1-
LiCl,Li1+,Cl1-
LiTi,Li1+,Ti1-
LiV,Li1+,V1-
LiCr,Li1+,Cr1-
LiMn,Li1+,Mn1-
LiFe,Li1+,Fe1-
LiCo,Li1+,Co1-
LiNi,Li1+,Ni1-
LiGe,Li1+,Ge1-
LiBr,Li1+,Br1-
LiNb,Li1+,Nb1-
LiMo,Li1+,Mo1-
LiRh,Li1+,Rh1-
LiI,Li1+,I1-
LiTa,Li1+,Ta1-
LiW,Li1+,W1-
LiRe,Li1+,Re1-
LiOs,Li1+,Os1-
LiIr,Li1+,Ir1-
LiPt,Li1+,Pt1-
LiAu,Li1+,Au1-
LiTl,Li1+,Tl1-
BeH,Be1+,H1-
BeC,Be1+,C1-
BeC,Be2+,C2-
BeN,Be1+,N1-
BeN,Be2+,N2-
BeO,Be1+,O1-
BeO,Be2+,O2-
BeF,Be1+,F1-
BeSi,Be1+,Si1-
BeSi,Be2+,Si2-
BeP,Be1+,P1-
BeP,Be2+,P2-
BeS,Be1+,S1-
BeS,Be2+,S2-
BeCl,Be1+,Cl1-
BeV,Be1+,V1-
BeCr,Be1+,Cr1-
BeCr,Be2+,Cr2-
BeFe,Be1+,Fe1-
BeFe,Be2+,Fe2-
BeCo,Be1+,Co1-
BeNi,Be1+,Ni1-
BeGe,Be1+,Ge1-
BeGe,Be2+,Ge2-
BeSe,Be2+,Se2-
BeBr,Be1+,Br1-
BeNb,Be1+,Nb1-
BeMo,Be1+,Mo1-
BeMo,Be2+,Mo2-
BeRu,Be2+,Ru2-
BeRh,Be1+,Rh1-
BeTe,Be2+,Te2-
BeI,Be1+,I1-
BeW,Be1+,W1-
BeW,Be2+,W2-
BeRe,Be1+,Re1-
BeOs,Be1+,Os1-
BeOs,Be2+,Os2-
BeIr,Be1+,Ir1-
BePt,Be1+,Pt1-
BePt,Be2+,Pt2-
BeAu,Be1+,Au1-
BeTl,Be1+,Tl1-
BH,B1+,H1-
BC,B1+,C1-
BC,B2+,C2-
BC,B3+,C3-
BN,B1+,N1-
BN,B2+,N2-
BN,B3+,N3-
BO,B1+,O1-
BO,B2+,O2-
BF,B1+,F1-
BP,B1+,P1-
BP,B2+,P2-
BP,B3+,P3-
BS,B1+,S1-
BS,B2+,S2-
BCl,B1+,Cl1-
BAs,B3+,As3-
BSe,B2+,Se2-
BBr,B1+,Br1-
BMo,B1+,Mo1-
BMo,B2+,Mo2-
BRu,B2+,Ru2-
BRh,B1+,Rh1-
BSb,B3+,Sb3-
BTe,B2+,Te2-
BI,B1+,I1-
BOs,B1+,Os1-
BOs,B2+,Os2-
BIr,B1+,Ir1-
BIr,B3+,Ir3-
BPt,B1+,Pt1-
BPt,B2+,Pt2-
BAu,B1+,Au1-
CN,C1+,N1-
CN,C2+,N2-
CN,C3+,N3-
CO,C1+,O1-
CO,C2+,O2-
CF,C1+,F1-
CS,C1+,S1-
CS,C2+,S2-
CCl,C1+,Cl1-
CBr,C1+,Br1-
CI,C1+,I1-
NO,N1+,O1-
NO,N2+,O2-
NF,N1+,F1-
NCl,N1+,Cl1-
OF,O1+,F1-
NaH,Na1+,H1-
NaC,Na1+,C1-
NaN,Na1+,N1-
Na2O2,Na1+,O1-
NaF,Na1+,F1-
NaSi,Na1+,Si1-
NaP,Na1+,P1-
NaS,Na1+,S1-
NaCl,Na1+,Cl1-
NaTi,Na1+,Ti1-
NaV,Na1+,V1-
NaCr,Na1+,Cr1-
NaMn,Na1+,Mn1-
NaFe,Na1+,Fe1-
NaCo,Na1+,Co1-
NaNi,Na1+,Ni1-
NaGe,Na1+,Ge1-
NaBr,Na1+,Br1-
NaNb,Na1+,Nb1-
NaMo,Na1+,Mo1-
NaRh,Na1+,Rh1-
NaI,Na1+,I1-
NaTa,Na1+,Ta1-
NaW,Na1+,W1-
NaRe,Na1+,Re1-
NaOs,Na1+,Os1-
NaIr,Na1+,Ir1-
NaPt,Na1+,Pt1-
NaAu,Na1+,Au1-
NaTl,Na1+,Tl1-
MgH,Mg1+,H1-
MgC,Mg1+,C1-
MgC,Mg2+,C2-
MgN,Mg1+,N1-
MgN,Mg2+,N2-
MgO,Mg1+,O1-
MgO,Mg2+,O2-
MgF,Mg1+,F1-
MgSi,Mg1+,Si1-
MgSi,Mg2+,Si2-
MgP,Mg1+,P1-
MgP,Mg2+,P2-
MgS,Mg1+,S1-
MgS,Mg2+,S2-
MgCl,Mg1+,Cl1-
MgTi,Mg1+,Ti1-
MgV,Mg1+,V1-
MgCr,Mg1+,Cr1-
MgCr,Mg2+,Cr2-
MgMn,Mg1+,Mn1-
MgMn,Mg2+,Mn2-
MgFe,Mg1+,Fe1-
MgFe,Mg2+,Fe2-
MgCo,Mg1+,Co1-
MgNi,Mg1+,Ni1-
MgGe,Mg1+,Ge1-
MgGe,Mg2+,Ge2-
MgSe,Mg2+,Se2-
MgBr,Mg1+,Br1-
MgNb,Mg1+,Nb1-
MgMo,Mg1+,Mo1-
MgMo,Mg2+,Mo2-
MgRu,Mg2+,Ru2-
MgRh,Mg1+,Rh1-
MgTe,Mg2+,Te2-
MgI,Mg1+,I1-
MgTa,Mg1+,Ta1-
MgW,Mg1+,W1-
MgW,Mg2+,W2-
MgRe,Mg1+,Re1-
MgOs,Mg1+,Os1-
MgOs,Mg2+,Os2-
MgIr,Mg1+,Ir1-
MgPt,Mg1+,Pt1-
MgPt,Mg2+,Pt2-
MgAu,Mg1+,Au1-
MgTl,Mg1+,Tl1-
AlH,Al1+,H1-
AlC,Al1+,C1-
AlC,Al2+,C2-
AlC,Al3+,C3-
AlN,Al1+,N1-
AlN,Al2+,N2-
AlN,Al3+,N3-
AlO,Al1+,O1-
AlO,Al2+,O2-
AlF,Al1+,F1-
AlSi,Al1+,Si1-
AlSi,Al2+,Si2-
AlSi,Al3+,Si3-
AlP,Al1+,P1-
AlP,Al2+,P2-
AlP,Al3+,P3-
AlS,Al1+,S1-
AlS,Al2+,S2-
AlCl,Al1+,Cl1-
AlV,Al1+,V1-
AlCr,Al1+,Cr1-
AlCr,Al2+,Cr2-
AlFe,Al1+,Fe1-
AlFe,Al2+,Fe2-
AlCo,Al1+,Co1-
AlNi,Al1+,Ni1-
AlGe,Al1+,Ge1-
AlGe,Al2+,Ge2-
AlGe,Al3+,Ge3-
AlAs,Al3+,As3-
AlSe,Al2+,Se2-
AlBr,Al1+,Br1-
AlMo,Al1+,Mo1-
AlMo,Al2+,Mo2-
AlRu,Al2+,Ru2-
AlRh,Al1+,Rh1-
AlSb,Al3+,Sb3-
AlTe,Al2+,Te2-
AlI,Al1+,I1-
AlW,Al1+,W1-
AlW,Al2+,W2-
AlRe,Al1+,Re1-
AlRe,Al3+,Re3-
AlOs,Al1+,Os1-
AlOs,Al2+,Os2-
AlIr,Al1+,Ir1-
AlIr,Al3+,Ir3-
AlPt,Al1+,Pt1-
AlPt,Al2+,Pt2-
AlAu,Al1+,Au1-
AlTl,Al1+,Tl1-
AlBi,Al3+,Bi3-
SiH,Si1+,H1-
SiC,Si1+,C1-
SiC,Si2+,C2-
SiC,Si3+,C3-
SiC,Si4+,C4-
SiN,Si1+,N1-
SiN,Si2+,N2-
SiN,Si3+,N3-
SiO,Si1+,O1-
SiO,Si2+,O2-
SiF,Si1+,F1-
SiP,Si1+,P1-
SiP,Si2+,P2-
SiP,Si3+,P3-
SiS,Si1+,S1-
SiS,Si2+,S2-
SiCl,Si1+,Cl1-
SiNi,Si1+,Ni1-
SiGe,Si1+,Ge1-
SiGe,Si2+,Ge2-
SiGe,Si3+,Ge3-
SiGe,Si4+,Ge4-
SiAs,Si3+,As3-
SiSe,Si2+,Se2-
SiBr,Si1+,Br1-
SiMo,Si1+,Mo1-
SiMo,Si2+,Mo2-
SiRu,Si2+,Ru2-
SiRh,Si1+,Rh1-
SiSn,Si4+,Sn4-
SiSb,Si3+,Sb3-
SiTe,Si2+,Te2-
SiI,Si1+,I1-
SiOs,Si1+,Os1-
SiOs,Si2+,Os2-
SiIr,Si1+,Ir1-
SiIr,Si3+,Ir3-
SiPt,Si1+,Pt1-
SiPt,Si2+,Pt2-
SiAu,Si1+,Au1-
PH,P1+,H1-
PC,P1+,C1-
PC,P2+,C2-
PC,P3+,C3-
PC,P4+,C4-
PN,P1+,N1-
PN,P2+,N2-
PN,P3+,N3-
PO,P1+,O1-
PO,P2+,O2-
PF,P1+,F1-
PS,P1+,S1-
PS,P2+,S2-
PCl,P1+,Cl1-
PSe,P2+,Se2-
PBr,P1+,Br1-
PRu,P2+,Ru2-
PRh,P1+,Rh1-
PI,P1+,I1-
POs,P1+,Os1-
POs,P2+,Os2-
PIr,P1+,Ir1-
PIr,P3+,Ir3-
PPt,P1+,Pt1-
PPt,P2+,Pt2-
PAu,P1+,Au1-
SN,S1+,N1-
SN,S2+,N2-
SN,S3+,N3-
SO,S1+,O1-
SO,S2+,O2-
SF,S1+,F1-
SCl,S1+,Cl1-
SBr,S1+,Br1-
SI,S1+,I1-
ClO,Cl1+,O1-
ClO,Cl2+,O2-
ClF,Cl1+,F1-
KH,K1+,H1-
KC,K1+,C1-
KN,K1+,N1-
K2O2,K1+,O1-
KF,K1+,F1-
KNa,K1+,Na1-
KSi,K1+,Si1-
KP,K1+,P1-
KS,K1+,S1-
KCl,K1+,Cl1-
KTi,K1+,Ti1-
KV,K1+,V1-
KCr,K1+,Cr1-
KMn,K1+,Mn1-
KFe,K1+,Fe1-
KCo,K1+,Co1-
KNi,K1+,Ni1-
KGe,K1+,Ge1-
KBr,K1+,Br1-
KNb,K1+,Nb1-
KMo,K1+,Mo1-
KRh,K1+,Rh1-
KI,K1+,I1-
KTa,K1+,Ta1-
KW,K1+,W1-
KRe,K1+,Re1-
KOs,K1+,Os1-
KIr,K1+,Ir1-
KPt,K1+,Pt1-
KAu,K1+,Au1-
KTl,K1+,Tl1-
CaH,Ca1+,H1-
CaC,Ca1+,C1-
CaC,Ca2+,C2-
CaN,Ca1+,N1-
CaN,Ca2+,N2-
CaO,Ca1+,O1-
CaO,Ca2+,O2-
CaF,Ca1+,F1-
CaSi,Ca1+,Si1-
CaSi,Ca2+,Si2-
CaP,Ca1+,P1-
CaP,Ca2+,P2-
CaS,Ca1+,S1-
CaS,Ca2+,S2-
CaCl,Ca1+,Cl1-
CaTi,Ca1+,Ti1-
CaV,Ca1+,V1-
CaCr,Ca1+,Cr1-
CaCr,Ca2+,Cr2-
CaMn,Ca1+,Mn1-
CaMn,Ca2+,Mn2-
CaFe,Ca1+,Fe1-
CaFe,Ca2+,Fe2-
CaCo,Ca1+,Co1-
CaNi,Ca1+,Ni1-
CaGe,Ca1+,Ge1-
CaGe,Ca2+,Ge2-
CaSe,Ca2+,Se2-
CaBr,Ca1+,Br1-
CaNb,Ca1+,Nb1-
CaMo,Ca1+,Mo1-
CaMo,Ca2+,Mo2-
CaRu,Ca2+,Ru2-
CaRh,Ca1+,Rh1-
CaTe,Ca2+,Te2-
CaI,Ca1+,I1-
CaTa,Ca1+,Ta1-
CaW,Ca1+,W1-
CaW,Ca2+,W2-
CaRe,Ca1+,Re1-
CaOs,Ca1+,Os1-
CaOs,Ca2+,Os2-
CaIr,Ca1+,Ir1-
CaPt,Ca1+,Pt1-
CaPt,Ca2+,Pt2-
CaAu,Ca1+,Au1-
CaTl,Ca1+,Tl1-
ScH,Sc1+,H1-
ScC,Sc1+,C1-
ScC,Sc2+,C2-
ScC,Sc3+,C3-
ScN,Sc1+,N1-
ScN,Sc2+,N2-
ScN,Sc3+,N3-
ScO,Sc1+,O1-
ScO,Sc2+,O2-
ScF,Sc1+,F1-
ScSi,Sc1+,Si1-
ScSi,Sc2+,Si2-
ScSi,Sc3+,Si3-
ScP,Sc1+,P1-
ScP,Sc2+,P2-
ScP,Sc3+,P3-
ScS,Sc1+,S1-
ScS,Sc2+,S2-
ScCl,Sc1+,Cl1-
ScTi,Sc1+,Ti1-
ScV,Sc1+,V1-
ScCr,Sc1+,Cr1-
ScCr,Sc2+,Cr2-
ScMn,Sc1+,Mn1-
ScMn,Sc2+,Mn2-
ScMn,Sc3+,Mn3-
ScFe,Sc1+,Fe1-
ScFe,Sc2+,Fe2-
ScCo,Sc1+,Co1-
ScNi,Sc1+,Ni1-
ScGe,Sc1+,Ge1-
ScGe,Sc2+,Ge2-
ScGe,Sc3+,Ge3-
ScAs,Sc3+,As3-
ScSe,Sc2+,Se2-
ScBr,Sc1+,Br1-
ScNb,Sc1+,Nb1-
ScMo,Sc1+,Mo1-
ScMo,Sc2+,Mo2-
ScRu,Sc2+,Ru2-
ScRh,Sc1+,Rh1-
ScSb,Sc3+,Sb3-
ScTe,Sc2+,Te2-
ScI,Sc1+,I1-
ScTa,Sc1+,Ta1-
ScW,Sc1+,W1-
ScW,Sc2+,W2-
ScRe,Sc1+,Re1-
ScRe,Sc3+,Re3-
ScOs,Sc1+,Os1-
ScOs,Sc2+,Os2-
ScIr,Sc1+,Ir1-
ScIr,Sc3+,Ir3-
ScPt,Sc1+,Pt1-
ScPt,Sc2+,Pt2-
ScAu,Sc1+,Au1-
ScTl,Sc1+,Tl1-
ScBi,Sc3+,Bi3-
TiH,Ti1+,H1-
TiC,Ti1+,C1-
TiC,Ti2+,C2-
TiC,Ti3+,C3-
TiC,Ti4+,C4-
TiN,Ti1+,N1-
TiN,Ti2+,N2-
TiN,Ti3+,N3-
TiO,Ti1+,O1-
TiO,Ti2+,O2-
TiF,Ti1+,F1-
TiSi,Ti1+,Si1-
TiSi,Ti2+,Si2-
TiSi,Ti3+,Si3-
TiSi,Ti4+,Si4-
TiP,Ti1+,P1-
TiP,Ti2+,P2-
TiP,Ti3+,P3-
TiS,Ti1+,S1-
TiS,Ti2+,S2-
TiCl,Ti1+,Cl1-
TiV,Ti1+,V1-
TiCr,Ti1+,Cr1-
TiCr,Ti2+,Cr2-
TiMn,Ti1+,Mn1-
TiMn,Ti2+,Mn2-
TiMn,Ti3+,Mn3-
TiFe,Ti1+,Fe1-
TiFe,Ti2+,Fe2-
TiCo,Ti1+,Co1-
TiNi,Ti1+,Ni1-
TiGe,Ti1+,Ge1-
TiGe,Ti2+,Ge2-
TiGe,Ti3+,Ge3-
TiGe,Ti4+,Ge4-
TiAs,Ti3+,As3-
TiSe,Ti2+,Se2-
TiBr,Ti1+,Br1-
TiNb,Ti1+,Nb1-
TiMo,Ti1+,Mo1-
TiMo,Ti2+,Mo2-
TiRu,Ti2+,Ru2-
TiRh,Ti1+,Rh1-
TiSn,Ti4+,Sn4-
TiSb,Ti3+,Sb3-
TiTe,Ti2+,Te2-
TiI,Ti1+,I1-
TiW,Ti1+,W1-
TiW,Ti2+,W2-
TiRe,Ti1+,Re1-
TiRe,Ti3+,Re3-
TiOs,Ti1+,Os1-
TiOs,Ti2+,Os2-
TiIr,Ti1+,Ir1-
TiIr,Ti3+,Ir3-
TiPt,Ti1+,Pt1-
TiPt,Ti2+,Pt2-
TiAu,Ti1+,Au1-
TiTl,Ti1+,Tl1-
TiPb,Ti4+,Pb4-
TiBi,Ti3+,Bi3-
VH,V1+,H1-
VC,V1+,C1-
VC,V2+,C2-
VC,V3+,C3-
VC,V4+,C4-
VN,V1+,N1-
VN,V2+,N2-
VN,V3+,N3-
VO,V1+,O1-
VO,V2+,O2-
VF,V1+,F1-
VSi,V1+,Si1-
VSi,V2+,Si2-
VSi,V3+,Si3-
VSi,V4+,Si4-
VP,V1+,P1-
VP,V2+,P2-
VP,V3+,P3-
VS,V1+,S1-
VS,V2+,S2-
VCl,V1+,Cl1-
VCr,V1+,Cr1-
VCr,V2+,Cr2-
VFe,V1+,Fe1-
VFe,V2+,Fe2-
VCo,V1+,Co1-
VNi,V1+,Ni1-
VGe,V1+,Ge1-
VGe,V2+,Ge2-
VGe,V3+,Ge3-
VGe,V4+,Ge4-
VAs,V3+,As3-
VSe,V2+,Se2-
VBr,V1+,Br1-
VMo,V1+,Mo1-
VMo,V2+,Mo2-
VRu,V2+,Ru2-
VRh,V1+,Rh1-
VSn,V4+,Sn4-
VSb,V3+,Sb3-
VTe,V2+,Te2-
VI,V1+,I1-
VW,V1+,W1-
VW,V2+,W2-
VRe,V1+,Re1-
VRe,V3+,Re3-
VOs,V1+,Os1-
VOs,V2+,Os2-
VIr,V1+,Ir1-
VIr,V3+,Ir3-
VPt,V1+,Pt1-
VPt,V2+,Pt2-
VAu,V1+,Au1-
TlV,V1+,Tl1-
VPb,V4+,Pb4-
VBi,V3+,Bi3-
CrH,Cr1+,H1-
CrC,Cr1+,C1-
CrC,Cr2+,C2-
CrC,Cr3+,C3-
CrC,Cr4+,C4-
CrN,Cr1+,N1-
CrN,Cr2+,N2-
CrN,Cr3+,N3-
CrO,Cr1+,O1-
CrO,Cr2+,O2-
CrF,Cr1+,F1-
CrSi,Cr1+,Si1-
CrSi,Cr2+,Si2-
CrSi,Cr3+,Si3-
CrSi,Cr4+,Si4-
CrP,Cr1+,P1-
CrP,Cr2+,P2-
CrP,Cr3+,P3-
CrS,Cr1+,S1-
CrS,Cr2+,S2-
CrCl,Cr1+,Cl1-
CrFe,Cr1+,Fe1-
CrFe,Cr2+,Fe2-
CrCo,Cr1+,Co1-
CrNi,Cr1+,Ni1-
CrGe,Cr1+,Ge1-
CrGe,Cr2+,Ge2-
CrGe,Cr3+,Ge3-
CrGe,Cr4+,Ge4-
CrAs,Cr3+,As3-
CrSe,Cr2+,Se2-
CrBr,Cr1+,Br1-
CrMo,Cr1+,Mo1-
CrMo,Cr2+,Mo2-
CrRu,Cr2+,Ru2-
CrRh,Cr1+,Rh1-
CrSn,Cr4+,Sn4-
CrSb,Cr3+,Sb3-
CrTe,Cr2+,Te2-
CrI,Cr1+,I1-
CrW,Cr1+,W1-
CrW,Cr2+,W2-
CrRe,Cr1+,Re1-
CrRe,Cr3+,Re3-
CrOs,Cr1+,Os1-
CrOs,Cr2+,Os2-
CrIr,Cr1+,Ir1-
CrIr,Cr3+,Ir3-
CrPt,Cr1+,Pt1-
CrPt,Cr2+,Pt2-
CrAu,Cr1+,Au1-
TlCr,Cr1+,Tl1-
CrPb,Cr4+,Pb4-
CrBi,Cr3+,Bi3-
MnH,Mn1+,H1-
MnC,Mn1+,C1-
MnC,Mn2+,C2-
MnC,Mn3+,C3-
MnC,Mn4+,C4-
MnN,Mn1+,N1-
MnN,Mn2+,N2-
MnN,Mn3+,N3-
MnO,Mn1+,O1-
MnO,Mn2+,O2-
MnF,Mn1+,F1-
MnSi,Mn1+,Si1-
MnSi,Mn2+,Si2-
MnSi,Mn3+,Si3-
MnSi,Mn4+,Si4-
MnP,Mn1+,P1-
MnP,Mn2+,P2-
MnP,Mn3+,P3-
MnS,Mn1+,S1-
MnS,Mn2+,S2-
MnCl,Mn1+,Cl1-
MnV,Mn1+,V1-
MnCr,Mn1+,Cr1-
MnCr,Mn2+,Cr2-
MnFe,Mn1+,Fe1-
MnFe,Mn2+,Fe2-
MnCo,Mn1+,Co1-
MnNi,Mn1+,Ni1-
MnGe,Mn1+,Ge1-
MnGe,Mn2+,Ge2-
MnGe,Mn3+,Ge3-
MnGe,Mn4+,Ge4-
MnAs,Mn3+,As3-
MnSe,Mn2+,Se2-
MnBr,Mn1+,Br1-
MnNb,Mn1+,Nb1-
MnMo,Mn1+,Mo1-
MnMo,Mn2+,Mo2-
MnRu,Mn2+,Ru2-
MnRh,Mn1+,Rh1-
MnSn,Mn4+,Sn4-
MnSb,Mn3+,Sb3-
MnTe,Mn2+,Te2-
MnI,Mn1+,I1-
MnW,Mn1+,W1-
MnW,Mn2+,W2-
MnRe,Mn1+,Re1-
MnRe,Mn3+,Re3-
MnOs,Mn1+,Os1-
MnOs,Mn2+,Os2-
MnIr,Mn1+,Ir1-
MnIr,Mn3+,Ir3-
MnPt,Mn1+,Pt1-
MnPt,Mn2+,Pt2-
MnAu,Mn1+,Au1-
MnTl,Mn1+,Tl1-
MnPb,Mn4+,Pb4-
MnBi,Mn3+,Bi3-
FeH,Fe1+,H1-
FeC,Fe1+,C1-
FeC,Fe2+,C2-
FeC,Fe3+,C3-
FeC,Fe4+,C4-
FeN,Fe1+,N1-
FeN,Fe2+,N2-
FeN,Fe3+,N3-
FeO,Fe1+,O1-
FeO,Fe2+,O2-
FeF,Fe1+,F1-
FeSi,Fe1+,Si1-
FeSi,Fe2+,Si2-
FeSi,Fe3+,Si3-
FeSi,Fe4+,Si4-
FeP,Fe1+,P1-
FeP,Fe2+,P2-
FeP,Fe3+,P3-
FeS,Fe1+,S1-
FeS,Fe2+,S2-
FeCl,Fe1+,Cl1-
FeCo,Fe1+,Co1-
FeNi,Fe1+,Ni1-
FeGe,Fe1+,Ge1-
FeGe,Fe2+,Ge2-
FeGe,Fe3+,Ge3-
FeGe,Fe4+,Ge4-
FeAs,Fe3+,As3-
FeSe,Fe2+,Se2-
FeBr,Fe1+,Br1-
FeMo,Fe1+,Mo1-
FeMo,Fe2+,Mo2-
FeRu,Fe2+,Ru2-
FeRh,Fe1+,Rh1-
FeSn,Fe4+,Sn4-
FeSb,Fe3+,Sb3-
FeTe,Fe2+,Te2-
FeI,Fe1+,I1-
FeRe,Fe1+,Re1-
FeRe,Fe3+,Re3-
FeOs,Fe1+,Os1-
FeOs,Fe2+,Os2-
FeIr,Fe1+,Ir1-
FeIr,Fe3+,Ir3-
FePt,Fe1+,Pt1-
FePt,Fe2+,Pt2-
FeAu,Fe1+,Au1-
FeBi,Fe3+,Bi3-
CoH,Co1+,H1-
CoC,Co1+,C1-
CoC,Co2+,C2-
CoC,Co3+,C3-
CoC,Co4+,C4-
CoN,Co1+,N1-
CoN,Co2+,N2-
CoN,Co3+,N3-
CoO,Co1+,O1-
CoO,Co2+,O2-
CoF,Co1+,F1-
CoSi,Co1+,Si1-
CoSi,Co2+,Si2-
CoSi,Co3+,Si3-
CoSi,Co4+,Si4-
CoP,Co1+,P1-
CoP,Co2+,P2-
CoP,Co3+,P3-
CoS,Co1+,S1-
CoS,Co2+,S2-
CoCl,Co1+,Cl1-
CoNi,Co1+,Ni1-
CoGe,Co1+,Ge1-
CoGe,Co2+,Ge2-
CoGe,Co3+,Ge3-
CoGe,Co4+,Ge4-
CoAs,Co3+,As3-
CoSe,Co2+,Se2-
CoBr,Co1+,Br1-
CoMo,Co1+,Mo1-
CoMo,Co2+,Mo2-
CoRu,Co2+,Ru2-
CoRh,Co1+,Rh1-
CoSn,Co4+,Sn4-
CoSb,Co3+,Sb3-
CoTe,Co2+,Te2-
CoI,Co1+,I1-
CoRe,Co1+,Re1-
CoRe,Co3+,Re3-
CoOs,Co1+,Os1-
CoOs,Co2+,Os2-
CoIr,Co1+,Ir1-
CoIr,Co3+,Ir3-
CoPt,Co1+,Pt1-
CoPt,Co2+,Pt2-
CoAu,Co1+,Au1-
CoBi,Co3+,Bi3-
NiH,Ni1+,H1-
NiC,Ni1+,C1-
NiC,Ni2+,C2-
NiC,Ni3+,C3-
NiC,Ni4+,C4-
NiN,Ni1+,N1-
NiN,Ni2+,N2-
NiN,Ni3+,N3-
NiO,Ni1+,O1-
NiO,Ni2+,O2-
NiF,Ni1+,F1-
NiP,Ni1+,P1-
NiP,Ni2+,P2-
NiP,Ni3+,P3-
NiS,Ni1+,S1-
NiS,Ni2+,S2-
NiCl,Ni1+,Cl1-
NiGe,Ni1+,Ge1-
NiGe,Ni2+,Ge2-
NiGe,Ni3+,Ge3-
NiGe,Ni4+,Ge4-
NiAs,Ni3+,As3-
NiSe,Ni2+,Se2-
NiBr,Ni1+,Br1-
NiMo,Ni1+,Mo1-
NiMo,Ni2+,Mo2-
NiRu,Ni2+,Ru2-
NiRh,Ni1+,Rh1-
NiSn,Ni4+,Sn4-
NiSb,Ni3+,Sb3-
NiTe,Ni2+,Te2-
NiI,Ni1+,I1-
NiOs,Ni1+,Os1-
NiOs,Ni2+,Os2-
NiIr,Ni1+,Ir1-
NiIr,Ni3+,Ir3-
NiPt,Ni1+,Pt1-
NiPt,Ni2+,Pt2-
NiAu,Ni1+,Au1-
CuH,Cu1+,H1-
CuC,Cu1+,C1-
CuC,Cu2+,C2-
CuC,Cu3+,C3-
CuC,Cu4+,C4-
CuN,Cu1+,N1-
CuN,Cu2+,N2-
CuN,Cu3+,N3-
CuO,Cu1+,O1-
CuO,Cu2+,O2-
CuF,Cu1+,F1-
CuP,Cu1+,P1-
CuP,Cu2+,P2-
CuP,Cu3+,P3-
CuS,Cu1+,S1-
CuS,Cu2+,S2-
CuCl,Cu1+,Cl1-
CuNi,Cu1+,Ni1-
CuGe,Cu1+,Ge1-
CuGe,Cu2+,Ge2-
CuGe,Cu3+,Ge3-
CuGe,Cu4+,Ge4-
CuAs,Cu3+,As3-
CuSe,Cu2+,Se2-
CuBr,Cu1+,Br1-
CuMo,Cu1+,Mo1-
CuMo,Cu2+,Mo2-
CuRu,Cu2+,Ru2-
CuRh,Cu1+,Rh1-
CuSn,Cu4+,Sn4-
CuSb,Cu3+,Sb3-
CuTe,Cu2+,Te2-
CuI,Cu1+,I1-
CuOs,Cu1+,Os1-
CuOs,Cu2+,Os2-
CuIr,Cu1+,Ir1-
CuIr,Cu3+,Ir3-
CuPt,Cu1+,Pt1-
CuPt,Cu2+,Pt2-
CuAu,Cu1+,Au1-
ZnH,Zn1+,H1-
ZnC,Zn1+,C1-
ZnC,Zn2+,C2-
ZnN,Zn1+,N1-
ZnN,Zn2+,N2-
ZnO,Zn1+,O1-
ZnO,Zn2+,O2-
ZnF,Zn1+,F1-
ZnSi,Zn1+,Si1-
ZnSi,Zn2+,Si2-
ZnP,Zn1+,P1-
ZnP,Zn2+,P2-
ZnS,Zn1+,S1-
ZnS,Zn2+,S2-
ZnCl,Zn1+,Cl1-
ZnCr,Zn1+,Cr1-
ZnCr,Zn2+,Cr2-
ZnFe,Zn1+,Fe1-
ZnFe,Zn2+,Fe2-
ZnCo,Zn1+,Co1-
ZnNi,Zn1+,Ni1-
ZnGe,Zn1+,Ge1-
ZnGe,Zn2+,Ge2-
ZnSe,Zn2+,Se2-
ZnBr,Zn1+,Br1-
ZnMo,Zn1+,Mo1-
ZnMo,Zn2+,Mo2-
ZnRu,Zn2+,Ru2-
ZnRh,Zn1+,Rh1-
ZnTe,Zn2+,Te2-
ZnI,Zn1+,I1-
ZnW,Zn1+,W1-
ZnW,Zn2+,W2-
ZnRe,Zn1+,Re1-
ZnOs,Zn1+,Os1-
ZnOs,Zn2+,Os2-
ZnIr,Zn1+,Ir1-
ZnPt,Zn1+,Pt1-
ZnPt,Zn2+,Pt2-
ZnAu,Zn1+,Au1-
TlZn,Zn1+,Tl1-
GaH,Ga1+,H1-
GaC,Ga1+,C1-
GaC,Ga2+,C2-
GaC,Ga3+,C3-
GaN,Ga1+,N1-
GaN,Ga2+,N2-
GaN,Ga3+,N3-
GaO,Ga1+,O1-
GaO,Ga2+,O2-
GaF,Ga1+,F1-
GaSi,Ga1+,Si1-
GaSi,Ga2+,Si2-
GaSi,Ga3+,Si3-
GaP,Ga1+,P1-
GaP,Ga2+,P2-
GaP,Ga3+,P3-
GaS,Ga1+,S1-
GaS,Ga2+,S2-
GaCl,Ga1+,Cl1-
GaFe,Ga1+,Fe1-
GaFe,Ga2+,Fe2-
GaCo,Ga1+,Co1-
GaNi,Ga1+,Ni1-
GaGe,Ga1+,Ge1-
GaGe,Ga2+,Ge2-
GaGe,Ga3+,Ge3-
GaAs,Ga3+,As3-
GaSe,Ga2+,Se2-
GaBr,Ga1+,Br1-
GaMo,Ga1+,Mo1-
GaMo,Ga2+,Mo2-
GaRu,Ga2+,Ru2-
GaRh,Ga1+,Rh1-
GaSb,Ga3+,Sb3-
GaTe,Ga2+,Te2-
GaI,Ga1+,I1-
GaRe,Ga1+,Re1-
GaRe,Ga3+,Re3-
GaOs,Ga1+,Os1-
GaOs,Ga2+,Os2-
GaIr,Ga1+,Ir1-
GaIr,Ga3+,Ir3-
GaPt,Ga1+,Pt1-
GaPt,Ga2+,Pt2-
GaAu,Ga1+,Au1-
GaBi,Ga3+,Bi3-
GeH,Ge1+,H1-
GeC,Ge1+,C1-
GeC,Ge2+,C2-
GeC,Ge3+,C3-
GeC,Ge4+,C4-
GeN,Ge1+,N1-
GeN,Ge2+,N2-
GeN,Ge3+,N3-
GeO,Ge1+,O1-
GeO,Ge2+,O2-
GeF,Ge1+,F1-
GeP,Ge1+,P1-
GeP,Ge2+,P2-
GeP,Ge3+,P3-
GeS,Ge1+,S1-
GeS,Ge2+,S2-
GeCl,Ge1+,Cl1-
GeAs,Ge3+,As3-
GeSe,Ge2+,Se2-
GeBr,Ge1+,Br1-
GeMo,Ge1+,Mo1-
GeMo,Ge2+,Mo2-
GeRu,Ge2+,Ru2-
GeRh,Ge1+,Rh1-
GeSb,Ge3+,Sb3-
GeTe,Ge2+,Te2-
GeI,Ge1+,I1-
GeOs,Ge1+,Os1-
GeOs,Ge2+,Os2-
GeIr,Ge1+,Ir1-
GeIr,Ge3+,Ir3-
GePt,Ge1+,Pt1-
GePt,Ge2+,Pt2-
GeAu,Ge1+,Au1-
AsH,As1+,H1-
AsC,As1+,C1-
AsC,As2+,C2-
AsC,As3+,C3-
AsN,As1+,N1-
AsN,As2+,N2-
AsN,As3+,N3-
AsO,As1+,O1-
AsO,As2+,O2-
AsF,As1+,F1-
AsP,As1+,P1-
AsP,As2+,P2-
AsP,As3+,P3-
AsS,As1+,S1-
AsS,As2+,S2-
AsCl,As1+,Cl1-
AsSe,As2+,Se2-
AsBr,As1+,Br1-
AsRu,As2+,Ru2-
AsRh,As1+,Rh1-
AsI,As1+,I1-
AsOs,As1+,Os1-
AsOs,As2+,Os2-
AsIr,As1+,Ir1-
AsIr,As3+,Ir3-
AsPt,As1+,Pt1-
AsPt,As2+,Pt2-
AsAu,As1+,Au1-
SeN,Se1+,N1-
SeN,Se2+,N2-
SeO,Se1+,O1-
SeO,Se2+,O2-
SeF,Se1+,F1-
SeS,Se1+,S1-
SeS,Se2+,S2-
SeCl,Se1+,Cl1-
SeBr,Se1+,Br1-
SeI,Se1+,I1-
BrN,Br1+,N1-
BrN,Br2+,N2-
BrN,Br3+,N3-
BrO,Br1+,O1-
BrO,Br2+,O2-
BrF,Br1+,F1-
BrCl,Br1+,Cl1-
RbH,Rb1+,H1-
RbC,Rb1+,C1-
RbN,Rb1+,N1-
Rb2O2,Rb1+,O1-
RbF,Rb1+,F1-
RbNa,Rb1+,Na1-
RbSi,Rb1+,Si1-
RbP,Rb1+,P1-
RbS,Rb1+,S1-
RbCl,Rb1+,Cl1-
RbTi,Rb1+,Ti1-
RbV,Rb1+,V1-
RbCr,Rb1+,Cr1-
RbMn,Rb1+,Mn1-
RbFe,Rb1+,Fe1-
RbCo,Rb1+,Co1-
RbNi,Rb1+,Ni1-
RbGe,Rb1+,Ge1-
RbBr,Rb1+,Br1-
RbNb,Rb1+,Nb1-
RbMo,Rb1+,Mo1-
RbRh,Rb1+,Rh1-
RbI,Rb1+,I1-
RbTa,Rb1+,Ta1-
RbW,Rb1+,W1-
RbRe,Rb1+,Re1-
RbOs,Rb1+,Os1-
RbIr,Rb1+,Ir1-
RbPt,Rb1+,Pt1-
RbAu,Rb1+,Au1-
RbTl,Rb1+,Tl1-
SrH,Sr1+,H1-
SrC,Sr1+,C1-
SrC,Sr2+,C2-
SrN,Sr1+,N1-
SrN,Sr2+,N2-
SrO,Sr1+,O1-
SrO,Sr2+,O2-
SrF,Sr1+,F1-
SrSi,Sr1+,Si1-
SrSi,Sr2+,Si2-
SrP,Sr1+,P1-
SrP,Sr2+,P2-
SrS,Sr1+,S1-
SrS,Sr2+,S2-
SrCl,Sr1+,Cl1-
SrTi,Sr1+,Ti1-
SrV,Sr1+,V1-
SrCr,Sr1+,Cr1-
SrCr,Sr2+,Cr2-
SrMn,Sr1+,Mn1-
SrMn,Sr2+,Mn2-
SrFe,Sr1+,Fe1-
SrFe,Sr2+,Fe2-
SrCo,Sr1+,Co1-
SrNi,Sr1+,Ni1-
SrGe,Sr1+,Ge1-
SrGe,Sr2+,Ge2-
SrSe,Sr2+,Se2-
SrBr,Sr1+,Br1-
SrNb,Sr1+,Nb1-
SrMo,Sr1+,Mo1-
SrMo,Sr2+,Mo2-
SrRu,Sr2+,Ru2-
SrRh,Sr1+,Rh1-
SrTe,Sr2+,Te2-
SrI,Sr1+,I1-
SrTa,Sr1+,Ta1-
SrW,Sr1+,W1-
SrW,Sr2+,W2-
SrRe,Sr1+,Re1-
SrOs,Sr1+,Os1-
SrOs,Sr2+,Os2-
SrIr,Sr1+,Ir1-
SrPt,Sr1+,Pt1-
SrPt,Sr2+,Pt2-
SrAu,Sr1+,Au1-
SrTl,Sr1+,Tl1-
YH,Y1+,H1-
YC,Y1+,C1-
YC,Y2+,C2-
YC,Y3+,C3-
YN,Y1+,N1-
YN,Y2+,N2-
YN,Y3+,N3-
YO,Y1+,O1-
YO,Y2+,O2-
YF,Y1+,F1-
YSi,Y1+,Si1-
YSi,Y2+,Si2-
YSi,Y3+,Si3-
YP,Y1+,P1-
YP,Y2+,P2-
YP,Y3+,P3-
YS,Y1+,S1-
YS,Y2+,S2-
YCl,Y1+,Cl1-
YTi,Y1+,Ti1-
YV,Y1+,V1-
YCr,Y1+,Cr1-
YCr,Y2+,Cr2-
YMn,Y1+,Mn1-
YMn,Y2+,Mn2-
YMn,Y3+,Mn3-
YFe,Y1+,Fe1-
YFe,Y2+,Fe2-
YCo,Y1+,Co1-
YNi,Y1+,Ni1-
YGe,Y1+,Ge1-
YGe,Y2+,Ge2-
YGe,Y3+,Ge3-
YAs,Y3+,As3-
YSe,Y2+,Se2-
YBr,Y1+,Br1-
YNb,Y1+,Nb1-
YMo,Y1+,Mo1-
YMo,Y2+,Mo2-
YRu,Y2+,Ru2-
YRh,Y1+,Rh1-
YSb,Y3+,Sb3-
YTe,Y2+,Te2-
YI,Y1+,I1-
YTa,Y1+,Ta1-
YW,Y1+,W1-
YW,Y2+,W2-
YRe,Y1+,Re1-
YRe,Y3+,Re3-
YOs,Y1+,Os1-
YOs,Y2+,Os2-
YIr,Y1+,Ir1-
YIr,Y3+,Ir3-
YPt,Y1+,Pt1-
YPt,Y2+,Pt2-
YAu,Y1+,Au1-
YTl,Y1+,Tl1-
YBi,Y3+,Bi3-
ZrH,Zr1+,H1-
ZrC,Zr1+,C1-
ZrC,Zr2+,C2-
ZrC,Zr3+,C3-
ZrC,Zr4+,C4-
ZrN,Zr1+,N1-
ZrN,Zr2+,N2-
ZrN,Zr3+,N3-
ZrO,Zr1+,O1-
ZrO,Zr2+,O2-
ZrF,Zr1+,F1-
NaZr,Zr1+,Na1-
ZrSi,Zr1+,Si1-
ZrSi,Zr2+,Si2-
ZrSi,Zr3+,Si3-
ZrSi,Zr4+,Si4-
ZrP,Zr1+,P1-
ZrP,Zr2+,P2-
ZrP,Zr3+,P3-
ZrS,Zr1+,S1-
ZrS,Zr2+,S2-
ZrCl,Zr1+,Cl1-
KZr,Zr1+,K1-
ZrTi,Zr1+,Ti1-
ZrV,Zr1+,V1-
ZrCr,Zr1+,Cr1-
ZrCr,Zr2+,Cr2-
ZrMn,Zr1+,Mn1-
ZrMn,Zr2+,Mn2-
ZrMn,Zr3+,Mn3-
ZrFe,Zr1+,Fe1-
ZrFe,Zr2+,Fe2-
ZrCo,Zr1+,Co1-
ZrNi,Zr1+,Ni1-
ZrGe,Zr1+,Ge1-
ZrGe,Zr2+,Ge2-
ZrGe,Zr3+,Ge3-
ZrGe,Zr4+,Ge4-
ZrAs,Zr3+,As3-
ZrSe,Zr2+,Se2-
ZrBr,Zr1+,Br1-
RbZr,Zr1+,Rb1-
ZrNb,Zr1+,Nb1-
ZrMo,Zr1+,Mo1-
ZrMo,Zr2+,Mo2-
ZrRu,Zr2+,Ru2-
ZrRh,Zr1+,Rh1-
ZrSn,Zr4+,Sn4-
ZrSb,Zr3+,Sb3-
ZrTe,Zr2+,Te2-
ZrI,Zr1+,I1-
CsZr,Zr1+,Cs1-
ZrTa,Zr1+,Ta1-
ZrW,Zr1+,W1-
ZrW,Zr2+,W2-
ZrRe,Zr1+,Re1-
ZrRe,Zr3+,Re3-
ZrOs,Zr1+,Os1-
ZrOs,Zr2+,Os2-
ZrIr,Zr1+,Ir1-
ZrIr,Zr3+,Ir3-
ZrPt,Zr1+,Pt1-
ZrPt,Zr2+,Pt2-
ZrAu,Zr1+,Au1-
ZrTl,Zr1+,Tl1-
ZrPb,Zr4+,Pb4-
ZrBi,Zr3+,Bi3-
NbH,Nb1+,H1-
NbC,Nb1+,C1-
NbC,Nb2+,C2-
NbC,Nb3+,C3-
NbC,Nb4+,C4-
NbN,Nb1+,N1-
NbN,Nb2+,N2-
NbN,Nb3+,N3-
NbO,Nb1+,O1-
NbO,Nb2+,O2-
NbF,Nb1+,F1-
NbSi,Nb1+,Si1-
NbSi,Nb2+,Si2-
NbSi,Nb3+,Si3-
NbSi,Nb4+,Si4-
NbP,Nb1+,P1-
NbP,Nb2+,P2-
NbP,Nb3+,P3-
NbS,Nb1+,S1-
NbS,Nb2+,S2-
NbCl,Nb1+,Cl1-
NbV,Nb1+,V1-
NbCr,Nb1+,Cr1-
NbCr,Nb2+,Cr2-
NbFe,Nb1+,Fe1-
NbFe,Nb2+,Fe2-
NbCo,Nb1+,Co1-
NbNi,Nb1+,Ni1-
NbGe,Nb1+,Ge1-
NbGe,Nb2+,Ge2-
NbGe,Nb3+,Ge3-
NbGe,Nb4+,Ge4-
NbAs,Nb3+,As3-
NbSe,Nb2+,Se2-
NbBr,Nb1+,Br1-
NbMo,Nb1+,Mo1-
NbMo,Nb2+,Mo2-
NbRu,Nb2+,Ru2-
NbRh,Nb1+,Rh1-
NbSn,Nb4+,Sn4-
NbSb,Nb3+,Sb3-
NbTe,Nb2+,Te2-
NbI,Nb1+,I1-
NbW,Nb1+,W1-
NbW,Nb2+,W2-
NbRe,Nb1+,Re1-
NbRe,Nb3+,Re3-
NbOs,Nb1+,Os1-
NbOs,Nb2+,Os2-
NbIr,Nb1+,Ir1-
NbIr,Nb3+,Ir3-
NbPt,Nb1+,Pt1-
NbPt,Nb2+,Pt2-
NbAu,Nb1+,Au1-
NbTl,Nb1+,Tl1-
NbPb,Nb4+,Pb4-
NbBi,Nb3+,Bi3-
MoH,Mo1+,H1-
MoC,Mo1+,C1-
MoC,Mo2+,C2-
MoC,Mo3+,C3-
MoC,Mo4+,C4-
MoN,Mo1+,N1-
MoN,Mo2+,N2-
MoN,Mo3+,N3-
MoO,Mo1+,O1-
MoO,Mo2+,O2-
MoF,Mo1+,F1-
MoP,Mo1+,P1-
MoP,Mo2+,P2-
MoP,Mo3+,P3-
MoS,Mo1+,S1-
MoS,Mo2+,S2-
MoCl,Mo1+,Cl1-
MoAs,Mo3+,As3-
MoSe,Mo2+,Se2-
MoBr,Mo1+,Br1-
MoRu,Mo2+,Ru2-
MoRh,Mo1+,Rh1-
MoI,Mo1+,I1-
MoOs,Mo1+,Os1-
MoOs,Mo2+,Os2-
MoIr,Mo1+,Ir1-
MoIr,Mo3+,Ir3-
MoPt,Mo1+,Pt1-
MoPt,Mo2+,Pt2-
MoAu,Mo1+,Au1-
RuC,Ru1+,C1-
RuC,Ru2+,C2-
RuC,Ru3+,C3-
RuC,Ru4+,C4-
RuN,Ru1+,N1-
RuN,Ru2+,N2-
RuN,Ru3+,N3-
RuO,Ru1+,O1-
RuO,Ru2+,O2-
RuF,Ru1+,F1-
RuS,Ru1+,S1-
RuS,Ru2+,S2-
RuCl,Ru1+,Cl1-
RuSe,Ru2+,Se2-
RuBr,Ru1+,Br1-
RuRh,Ru1+,Rh1-
RuI,Ru1+,I1-
RuAu,Ru1+,Au1-
RhC,Rh1+,C1-
RhC,Rh2+,C2-
RhC,Rh3+,C3-
RhC,Rh4+,C4-
RhN,Rh1+,N1-
RhN,Rh2+,N2-
RhN,Rh3+,N3-
RhO,Rh1+,O1-
RhO,Rh2+,O2-
RhF,Rh1+,F1-
RhS,Rh1+,S1-
RhS,Rh2+,S2-
RhCl,Rh1+,Cl1-
RhSe,Rh2+,Se2-
RhBr,Rh1+,Br1-
RhI,Rh1+,I1-
RhAu,Rh1+,Au1-
PdC,Pd1+,C1-
PdC,Pd2+,C2-
PdC,Pd4+,C4-
PdN,Pd1+,N1-
PdN,Pd2+,N2-
PdO,Pd1+,O1-
PdO,Pd2+,O2-
PdF,Pd1+,F1-
PdS,Pd1+,S1-
PdS,Pd2+,S2-
PdCl,Pd1+,Cl1-
PdSe,Pd2+,Se2-
PdBr,Pd1+,Br1-
PdRh,Pd1+,Rh1-
PdI,Pd1+,I1-
PdAu,Pd1+,Au1-
AgH,Ag1+,H1-
AgC,Ag1+,C1-
AgC,Ag2+,C2-
AgC,Ag3+,C3-
AgC,Ag4+,C4-
AgN,Ag1+,N1-
AgN,Ag2+,N2-
AgN,Ag3+,N3-
AgO,Ag1+,O1-
AgO,Ag2+,O2-
AgF,Ag1+,F1-
AgP,Ag1+,P1-
AgP,Ag2+,P2-
AgP,Ag3+,P3-
AgS,Ag1+,S1-
AgS,Ag2+,S2-
AgCl,Ag1+,Cl1-
AgGe,Ag1+,Ge1-
AgGe,Ag2+,Ge2-
AgGe,Ag3+,Ge3-
AgGe,Ag4+,Ge4-
AgAs,Ag3+,As3-
AgSe,Ag2+,Se2-
AgBr,Ag1+,Br1-
AgMo,Ag1+,Mo1-
AgMo,Ag2+,Mo2-
AgRu,Ag2+,Ru2-
AgRh,Ag1+,Rh1-
AgSn,Ag4+,Sn4-
AgSb,Ag3+,Sb3-
AgTe,Ag2+,Te2-
AgI,Ag1+,I1-
AgOs,Ag1+,Os1-
AgOs,Ag2+,Os2-
AgIr,Ag1+,Ir1-
AgIr,Ag3+,Ir3-
AgPt,Ag1+,Pt1-
AgPt,Ag2+,Pt2-
AgAu,Ag1+,Au1-
CdH,Cd1+,H1-
CdC,Cd1+,C1-
CdC,Cd2+,C2-
CdN,Cd1+,N1-
CdN,Cd2+,N2-
CdO,Cd1+,O1-
CdO,Cd2+,O2-
CdF,Cd1+,F1-
CdSi,Cd1+,Si1-
CdSi,Cd2+,Si2-
CdP,Cd1+,P1-
CdP,Cd2+,P2-
CdS,Cd1+,S1-
CdS,Cd2+,S2-
CdCl,Cd1+,Cl1-
CdFe,Cd1+,Fe1-
CdFe,Cd2+,Fe2-
CdCo,Cd1+,Co1-
CdNi,Cd1+,Ni1-
CdGe,Cd1+,Ge1-
CdGe,Cd2+,Ge2-
CdSe,Cd2+,Se2-
CdBr,Cd1+,Br1-
CdMo,Cd1+,Mo1-
CdMo,Cd2+,Mo2-
CdRu,Cd2+,Ru2-
CdRh,Cd1+,Rh1-
CdTe,Cd2+,Te2-
CdI,Cd1+,I1-
CdW,Cd1+,W1-
CdW,Cd2+,W2-
CdRe,Cd1+,Re1-
CdOs,Cd1+,Os1-
CdOs,Cd2+,Os2-
CdIr,Cd1+,Ir1-
CdPt,Cd1+,Pt1-
CdPt,Cd2+,Pt2-
CdAu,Cd1+,Au1-
TlCd,Cd1+,Tl1-
InH,In1+,H1-
InC,In1+,C1-
InC,In2+,C2-
InC,In3+,C3-
InN,In1+,N1-
InN,In2+,N2-
InN,In3+,N3-
InO,In1+,O1-
InO,In2+,O2-
InF,In1+,F1-
InSi,In1+,Si1-
InSi,In2+,Si2-
InSi,In3+,Si3-
InP,In1+,P1-
InP,In2+,P2-
InP,In3+,P3-
InS,In1+,S1-
InS,In2+,S2-
InCl,In1+,Cl1-
InFe,In1+,Fe1-
InFe,In2+,Fe2-
InCo,In1+,Co1-
InNi,In1+,Ni1-
InGe,In1+,Ge1-
InGe,In2+,Ge2-
InGe,In3+,Ge3-
InAs,In3+,As3-
InSe,In2+,Se2-
InBr,In1+,Br1-
InMo,In1+,Mo1-
InMo,In2+,Mo2-
InRu,In2+,Ru2-
InRh,In1+,Rh1-
InSb,In3+,Sb3-
InTe,In2+,Te2-
InI,In1+,I1-
InRe,In1+,Re1-
InRe,In3+,Re3-
InOs,In1+,Os1-
InOs,In2+,Os2-
InIr,In1+,Ir1-
InIr,In3+,Ir3-
InPt,In1+,Pt1-
InPt,In2+,Pt2-
InAu,In1+,Au1-
TlIn,In1+,Tl1-
InBi,In3+,Bi3-
SnC,Sn2+,C2-
SnC,Sn4+,C4-
SnN,Sn2+,N2-
SnO,Sn2+,O2-
SnP,Sn2+,P2-
SnS,Sn2+,S2-
SnGe,Sn2+,Ge2-
SnGe,Sn4+,Ge4-
SnSe,Sn2+,Se2-
SnMo,Sn2+,Mo2-
SnRu,Sn2+,Ru2-
SnTe,Sn2+,Te2-
SnOs,Sn2+,Os2-
SnPt,Sn2+,Pt2-
SbC,Sb3+,C3-
SbN,Sb3+,N3-
SbP,Sb3+,P3-
SbAs,Sb3+,As3-
SbIr,Sb3+,Ir3-
TeC,Te2+,C2-
TeC,Te4+,C4-
TeN,Te2+,N2-
TeO,Te2+,O2-
TeP,Te2+,P2-
TeS,Te2+,S2-
TeSe,Te2+,Se2-
TeMo,Te2+,Mo2-
TeRu,Te2+,Ru2-
TeOs,Te2+,Os2-
TePt,Te2+,Pt2-
IN,I1+,N1-
IN,I3+,N3-
IO,I1+,O1-
IF,I1+,F1-
ICl,I1+,Cl1-
IBr,I1+,Br1-
CsH,Cs1+,H1-
CsC,Cs1+,C1-
CsN,Cs1+,N1-
Cs2O2,Cs1+,O1-
CsF,Cs1+,F1-
CsNa,Cs1+,Na1-
CsSi,Cs1+,Si1-
CsP,Cs1+,P1-
CsS,Cs1+,S1-
CsCl,Cs1+,Cl1-
CsK,Cs1+,K1-
CsTi,Cs1+,Ti1-
CsV,Cs1+,V1-
CsCr,Cs1+,Cr1-
CsMn,Cs1+,Mn1-
CsFe,Cs1+,Fe1-
CsCo,Cs1+,Co1-
CsNi,Cs1+,Ni1-
CsGe,Cs1+,Ge1-
CsBr,Cs1+,Br1-
CsRb,Cs1+,Rb1-
CsNb,Cs1+,Nb1-
CsMo,Cs1+,Mo1-
CsRh,Cs1+,Rh1-
CsI,Cs1+,I1-
CsTa,Cs1+,Ta1-
CsW,Cs1+,W1-
CsRe,Cs1+,Re1-
CsOs,Cs1+,Os1-
CsIr,Cs1+,Ir1-
CsPt,Cs1+,Pt1-
CsAu,Cs1+,Au1-
CsTl,Cs1+,Tl1-
BaC,Ba2+,C2-
BaN,Ba2+,N2-
BaO,Ba2+,O2-
BaSi,Ba2+,Si2-
BaP,Ba2+,P2-
BaS,Ba2+,S2-
BaCr,Ba2+,Cr2-
BaMn,Ba2+,Mn2-
BaFe,Ba2+,Fe2-
BaGe,Ba2+,Ge2-
BaSe,Ba2+,Se2-
BaMo,Ba2+,Mo2-
BaRu,Ba2+,Ru2-
BaTe,Ba2+,Te2-
BaW,Ba2+,W2-
BaOs,Ba2+,Os2-
BaPt,Ba2+,Pt2-
LaC,La2+,C2-
LaC,La3+,C3-
LaN,La2+,N2-
LaN,La3+,N3-
LaO,La2+,O2-
LaSi,La2+,Si2-
LaSi,La3+,Si3-
LaP,La2+,P2-
LaP,La3+,P3-
LaS,La2+,S2-
LaCr,La2+,Cr2-
LaMn,La2+,Mn2-
LaMn,La3+,Mn3-
LaFe,La2+,Fe2-
LaGe,La2+,Ge2-
LaGe,La3+,Ge3-
LaAs,La3+,As3-
LaSe,La2+,Se2-
LaMo,La2+,Mo2-
LaRu,La2+,Ru2-
LaSb,La3+,Sb3-
LaTe,La2+,Te2-
LaW,La2+,W2-
LaRe,La3+,Re3-
LaOs,La2+,Os2-
LaIr,La3+,Ir3-
LaPt,La2+,Pt2-
LaBi,La3+,Bi3-
CeC,Ce2+,C2-
CeC,Ce3+,C3-
CeC,Ce4+,C4-
CeN,Ce2+,N2-
CeN,Ce3+,N3-
CeO,Ce2+,O2-
CeSi,Ce2+,Si2-
CeSi,Ce3+,Si3-
CeSi,Ce4+,Si4-
CeP,Ce2+,P2-
CeP,Ce3+,P3-
CeS,Ce2+,S2-
CeCr,Ce2+,Cr2-
CeMn,Ce2+,Mn2-
CeMn,Ce3+,Mn3-
CeFe,Ce2+,Fe2-
CeGe,Ce2+,Ge2-
CeGe,Ce3+,Ge3-
CeGe,Ce4+,Ge4-
CeAs,Ce3+,As3-
CeSe,Ce2+,Se2-
CeMo,Ce2+,Mo2-
CeRu,Ce2+,Ru2-
CeSn,Ce4+,Sn4-
CeSb,Ce3+,Sb3-
CeTe,Ce2+,Te2-
CeW,Ce2+,W2-
CeRe,Ce3+,Re3-
CeOs,Ce2+,Os2-
CeIr,Ce3+,Ir3-
CePt,Ce2+,Pt2-
CePb,Ce4+,Pb4-
CeBi,Ce3+,Bi3-
PrC,Pr2+,C2-
PrC,Pr3+,C3-
PrC,Pr4+,C4-
PrN,Pr2+,N2-
PrN,Pr3+,N3-
PrO,Pr2+,O2-
PrSi,Pr2+,Si2-
PrSi,Pr3+,Si3-
PrSi,Pr4+,Si4-
PrP,Pr2+,P2-
PrP,Pr3+,P3-
PrS,Pr2+,S2-
PrCr,Pr2+,Cr2-
PrMn,Pr2+,Mn2-
PrMn,Pr3+,Mn3-
PrFe,Pr2+,Fe2-
PrGe,Pr2+,Ge2-
PrGe,Pr3+,Ge3-
PrGe,Pr4+,Ge4-
PrAs,Pr3+,As3-
PrSe,Pr2+,Se2-
PrMo,Pr2+,Mo2-
PrRu,Pr2+,Ru2-
PrSn,Pr4+,Sn4-
PrSb,Pr3+,Sb3-
PrTe,Pr2+,Te2-
PrW,Pr2+,W2-
PrRe,Pr3+,Re3-
PrOs,Pr2+,Os2-
PrIr,Pr3+,Ir3-
PrPt,Pr2+,Pt2-
PrPb,Pr4+,Pb4-
PrBi,Pr3+,Bi3-
NdC,Nd2+,C2-
NdC,Nd3+,C3-
NdC,Nd4+,C4-
NdN,Nd2+,N2-
NdN,Nd3+,N3-
NdO,Nd2+,O2-
NdSi,Nd2+,Si2-
NdSi,Nd3+,Si3-
NdSi,Nd4+,Si4-
NdP,Nd2+,P2-
NdP,Nd3+,P3-
NdS,Nd2+,S2-
NdCr,Nd2+,Cr2-
NdMn,Nd2+,Mn2-
NdMn,Nd3+,Mn3-
NdFe,Nd2+,Fe2-
NdGe,Nd2+,Ge2-
NdGe,Nd3+,Ge3-
NdGe,Nd4+,Ge4-
NdAs,Nd3+,As3-
NdSe,Nd2+,Se2-
NdMo,Nd2+,Mo2-
NdRu,Nd2+,Ru2-
NdSn,Nd4+,Sn4-
NdSb,Nd3+,Sb3-
NdTe,Nd2+,Te2-
NdW,Nd2+,W2-
NdRe,Nd3+,Re3-
NdOs,Nd2+,Os2-
NdIr,Nd3+,Ir3-
NdPt,Nd2+,Pt2-
NdPb,Nd4+,Pb4-
NdBi,Nd3+,Bi3-
SmC,Sm2+,C2-
SmC,Sm3+,C3-
SmN,Sm2+,N2-
SmN,Sm3+,N3-
SmO,Sm2+,O2-
SmSi,Sm2+,Si2-
SmSi,Sm3+,Si3-
SmP,Sm2+,P2-
SmP,Sm3+,P3-
SmS,Sm2+,S2-
SmCr,Sm2+,Cr2-
SmMn,Sm2+,Mn2-
SmMn,Sm3+,Mn3-
SmFe,Sm2+,Fe2-
SmGe,Sm2+,Ge2-
SmGe,Sm3+,Ge3-
SmAs,Sm3+,As3-
SmSe,Sm2+,Se2-
SmMo,Sm2+,Mo2-
SmRu,Sm2+,Ru2-
SmSb,Sm3+,Sb3-
SmTe,Sm2+,Te2-
SmW,Sm2+,W2-
SmRe,Sm3+,Re3-
SmOs,Sm2+,Os2-
SmIr,Sm3+,Ir3-
SmPt,Sm2+,Pt2-
SmBi,Sm3+,Bi3-
EuC,Eu2+,C2-
EuC,Eu3+,C3-
EuN,Eu2+,N2-
EuN,Eu3+,N3-
EuO,Eu2+,O2-
EuSi,Eu2+,Si2-
EuSi,Eu3+,Si3-
EuP,Eu2+,P2-
EuP,Eu3+,P3-
EuS,Eu2+,S2-
EuCr,Eu2+,Cr2-
EuMn,Eu2+,Mn2-
EuMn,Eu3+,Mn3-
EuFe,Eu2+,Fe2-
EuGe,Eu2+,Ge2-
EuGe,Eu3+,Ge3-
EuAs,Eu3+,As3-
EuSe,Eu2+,Se2-
EuMo,Eu2+,Mo2-
EuRu,Eu2+,Ru2-
EuSb,Eu3+,Sb3-
EuTe,Eu2+,Te2-
EuW,Eu2+,W2-
EuRe,Eu3+,Re3-
EuOs,Eu2+,Os2-
EuIr,Eu3+,Ir3-
EuPt,Eu2+,Pt2-
EuBi,Eu3+,Bi3-
GdH,Gd1+,H1-
GdC,Gd1+,C1-
GdC,Gd2+,C2-
GdC,Gd3+,C3-
GdN,Gd1+,N1-
GdN,Gd2+,N2-
GdN,Gd3+,N3-
GdO,Gd1+,O1-
GdO,Gd2+,O2-
GdF,Gd1+,F1-
GdSi,Gd1+,Si1-
GdSi,Gd2+,Si2-
GdSi,Gd3+,Si3-
GdP,Gd1+,P1-
GdP,Gd2+,P2-
GdP,Gd3+,P3-
GdS,Gd1+,S1-
GdS,Gd2+,S2-
GdCl,Gd1+,Cl1-
GdTi,Gd1+,Ti1-
GdV,Gd1+,V1-
GdCr,Gd1+,Cr1-
GdCr,Gd2+,Cr2-
GdMn,Gd1+,Mn1-
GdMn,Gd2+,Mn2-
GdMn,Gd3+,Mn3-
GdFe,Gd1+,Fe1-
GdFe,Gd2+,Fe2-
GdCo,Gd1+,Co1-
GdNi,Gd1+,Ni1-
GdGe,Gd1+,Ge1-
GdGe,Gd2+,Ge2-
GdGe,Gd3+,Ge3-
GdAs,Gd3+,As3-
GdSe,Gd2+,Se2-
GdBr,Gd1+,Br1-
GdNb,Gd1+,Nb1-
GdMo,Gd1+,Mo1-
GdMo,Gd2+,Mo2-
GdRu,Gd2+,Ru2-
GdRh,Gd1+,Rh1-
GdSb,Gd3+,Sb3-
GdTe,Gd2+,Te2-
GdI,Gd1+,I1-
GdTa,Gd1+,Ta1-
GdW,Gd1+,W1-
GdW,Gd2+,W2-
GdRe,Gd1+,Re1-
GdRe,Gd3+,Re3-
GdOs,Gd1+,Os1-
GdOs,Gd2+,Os2-
GdIr,Gd1+,Ir1-
GdIr,Gd3+,Ir3-
GdPt,Gd1+,Pt1-
GdPt,Gd2+,Pt2-
GdAu,Gd1+,Au1-
GdTl,Gd1+,Tl1-
GdBi,Gd3+,Bi3-
TbH,Tb1+,H1-
TbC,Tb1+,C1-
TbC,Tb2+,C2-
TbC,Tb3+,C3-
TbC,Tb4+,C4-
TbN,Tb1+,N1-
TbN,Tb2+,N2-
TbN,Tb3+,N3-
TbO,Tb1+,O1-
TbO,Tb2+,O2-
TbF,Tb1+,F1-
TbSi,Tb1+,Si1-
TbSi,Tb2+,Si2-
TbSi,Tb3+,Si3-
TbSi,Tb4+,Si4-
TbP,Tb1+,P1-
TbP,Tb2+,P2-
TbP,Tb3+,P3-
TbS,Tb1+,S1-
TbS,Tb2+,S2-
TbCl,Tb1+,Cl1-
TbTi,Tb1+,Ti1-
TbV,Tb1+,V1-
TbCr,Tb1+,Cr1-
TbCr,Tb2+,Cr2-
TbMn,Tb1+,Mn1-
TbMn,Tb2+,Mn2-
TbMn,Tb3+,Mn3-
TbFe,Tb1+,Fe1-
TbFe,Tb2+,Fe2-
TbCo,Tb1+,Co1-
TbNi,Tb1+,Ni1-
TbGe,Tb1+,Ge1-
TbGe,Tb2+,Ge2-
TbGe,Tb3+,Ge3-
TbGe,Tb4+,Ge4-
TbAs,Tb3+,As3-
TbSe,Tb2+,Se2-
TbBr,Tb1+,Br1-
TbNb,Tb1+,Nb1-
TbMo,Tb1+,Mo1-
TbMo,Tb2+,Mo2-
TbRu,Tb2+,Ru2-
TbRh,Tb1+,Rh1-
TbSn,Tb4+,Sn4-
TbSb,Tb3+,Sb3-
TbTe,Tb2+,Te2-
TbI,Tb1+,I1-
TbTa,Tb1+,Ta1-
TbW,Tb1+,W1-
TbW,Tb2+,W2-
TbRe,Tb1+,Re1-
TbRe,Tb3+,Re3-
TbOs,Tb1+,Os1-
TbOs,Tb2+,Os2-
TbIr,Tb1+,Ir1-
TbIr,Tb3+,Ir3-
TbPt,Tb1+,Pt1-
TbPt,Tb2+,Pt2-
TbAu,Tb1+,Au1-
TbTl,Tb1+,Tl1-
TbPb,Tb4+,Pb4-
TbBi,Tb3+,Bi3-
DyC,Dy2+,C2-
DyC,Dy3+,C3-
DyC,Dy4+,C4-
DyN,Dy2+,N2-
DyN,Dy3+,N3-
DyO,Dy2+,O2-
DySi,Dy2+,Si2-
DySi,Dy3+,Si3-
DySi,Dy4+,Si4-
DyP,Dy2+,P2-
DyP,Dy3+,P3-
DyS,Dy2+,S2-
DyCr,Dy2+,Cr2-
DyMn,Dy2+,Mn2-
DyMn,Dy3+,Mn3-
DyFe,Dy2+,Fe2-
DyGe,Dy2+,Ge2-
DyGe,Dy3+,Ge3-
DyGe,Dy4+,Ge4-
DyAs,Dy3+,As3-
DySe,Dy2+,Se2-
DyMo,Dy2+,Mo2-
DyRu,Dy2+,Ru2-
DySn,Dy4+,Sn4-
DySb,Dy3+,Sb3-
DyTe,Dy2+,Te2-
DyW,Dy2+,W2-
DyRe,Dy3+,Re3-
DyOs,Dy2+,Os2-
DyIr,Dy3+,Ir3-
DyPt,Dy2+,Pt2-
DyPb,Dy4+,Pb4-
DyBi,Dy3+,Bi3-
HoC,Ho2+,C2-
HoC,Ho3+,C3-
HoN,Ho2+,N2-
HoN,Ho3+,N3-
HoO,Ho2+,O2-
HoSi,Ho2+,Si2-
HoSi,Ho3+,Si3-
HoP,Ho2+,P2-
HoP,Ho3+,P3-
HoS,Ho2+,S2-
HoCr,Ho2+,Cr2-
HoMn,Ho2+,Mn2-
HoMn,Ho3+,Mn3-
HoFe,Ho2+,Fe2-
HoGe,Ho2+,Ge2-
HoGe,Ho3+,Ge3-
HoAs,Ho3+,As3-
HoSe,Ho2+,Se2-
HoMo,Ho2+,Mo2-
HoRu,Ho2+,Ru2-
HoSb,Ho3+,Sb3-
HoTe,Ho2+,Te2-
HoW,Ho2+,W2-
HoRe,Ho3+,Re3-
HoOs,Ho2+,Os2-
HoIr,Ho3+,Ir3-
HoPt,Ho2+,Pt2-
HoBi,Ho3+,Bi3-
ErC,Er2+,C2-
ErC,Er3+,C3-
ErN,Er2+,N2-
ErN,Er3+,N3-
ErO,Er2+,O2-
ErSi,Er2+,Si2-
ErSi,Er3+,Si3-
ErP,Er2+,P2-
ErP,Er3+,P3-
ErS,Er2+,S2-
ErCr,Er2+,Cr2-
ErMn,Er2+,Mn2-
ErMn,Er3+,Mn3-
ErFe,Er2+,Fe2-
ErGe,Er2+,Ge2-
ErGe,Er3+,Ge3-
ErAs,Er3+,As3-
ErSe,Er2+,Se2-
ErMo,Er2+,Mo2-
ErRu,Er2+,Ru2-
ErSb,Er3+,Sb3-
ErTe,Er2+,Te2-
ErW,Er2+,W2-
ErRe,Er3+,Re3-
ErOs,Er2+,Os2-
ErIr,Er3+,Ir3-
ErPt,Er2+,Pt2-
ErBi,Er3+,Bi3-
TmC,Tm2+,C2-
TmC,Tm3+,C3-
TmN,Tm2+,N2-
TmN,Tm3+,N3-
TmO,Tm2+,O2-
TmSi,Tm2+,Si2-
TmSi,Tm3+,Si3-
TmP,Tm2+,P2-
TmP,Tm3+,P3-
TmS,Tm2+,S2-
TmCr,Tm2+,Cr2-
TmMn,Tm2+,Mn2-
TmMn,Tm3+,Mn3-
TmFe,Tm2+,Fe2-
TmGe,Tm2+,Ge2-
TmGe,Tm3+,Ge3-
TmAs,Tm3+,As3-
TmSe,Tm2+,Se2-
TmMo,Tm2+,Mo2-
TmRu,Tm2+,Ru2-
TmSb,Tm3+,Sb3-
TmTe,Tm2+,Te2-
TmW,Tm2+,W2-
TmRe,Tm3+,Re3-
TmOs,Tm2+,Os2-
TmIr,Tm3+,Ir3-
TmPt,Tm2+,Pt2-
TmBi,Tm3+,Bi3-
YbC,Yb2+,C2-
YbC,Yb3+,C3-
YbN,Yb2+,N2-
YbN,Yb3+,N3-
YbO,Yb2+,O2-
YbSi,Yb2+,Si2-
YbSi,Yb3+,Si3-
YbP,Yb2+,P2-
YbP,Yb3+,P3-
YbS,Yb2+,S2-
YbCr,Yb2+,Cr2-
YbMn,Yb2+,Mn2-
YbMn,Yb3+,Mn3-
YbFe,Yb2+,Fe2-
YbGe,Yb2+,Ge2-
YbGe,Yb3+,Ge3-
YbAs,Yb3+,As3-
YbSe,Yb2+,Se2-
YbMo,Yb2+,Mo2-
YbRu,Yb2+,Ru2-
YbSb,Yb3+,Sb3-
YbTe,Yb2+,Te2-
YbW,Yb2+,W2-
YbRe,Yb3+,Re3-
YbOs,Yb2+,Os2-
YbIr,Yb3+,Ir3-
YbPt,Yb2+,Pt2-
YbBi,Yb3+,Bi3-
LuC,Lu3+,C3-
LuN,Lu3+,N3-
LuSi,Lu3+,Si3-
LuP,Lu3+,P3-
LuMn,Lu3+,Mn3-
LuGe,Lu3+,Ge3-
LuAs,Lu3+,As3-
LuSb,Lu3+,Sb3-
LuRe,Lu3+,Re3-
LuIr,Lu3+,Ir3-
LuBi,Lu3+,Bi3-
HfC,Hf2+,C2-
HfC,Hf3+,C3-
HfC,Hf4+,C4-
HfN,Hf2+,N2-
HfN,Hf3+,N3-
HfO,Hf2+,O2-
HfSi,Hf2+,Si2-
HfSi,Hf3+,Si3-
HfSi,Hf4+,Si4-
HfP,Hf2+,P2-
HfP,Hf3+,P3-
HfS,Hf2+,S2-
HfCr,Hf2+,Cr2-
HfMn,Hf2+,Mn2-
HfMn,Hf3+,Mn3-
HfFe,Hf2+,Fe2-
HfGe,Hf2+,Ge2-
HfGe,Hf3+,Ge3-
HfGe,Hf4+,Ge4-
HfAs,Hf3+,As3-
HfSe,Hf2+,Se2-
HfMo,Hf2+,Mo2-
HfRu,Hf2+,Ru2-
HfSn,Hf4+,Sn4-
HfSb,Hf3+,Sb3-
HfTe,Hf2+,Te2-
HfW,Hf2+,W2-
HfRe,Hf3+,Re3-
HfOs,Hf2+,Os2-
HfIr,Hf3+,Ir3-
HfPt,Hf2+,Pt2-
HfPb,Hf4+,Pb4-
HfBi,Hf3+,Bi3-
TaC,Ta2+,C2-
TaC,Ta3+,C3-
TaC,Ta4+,C4-
TaN,Ta2+,N2-
TaN,Ta3+,N3-
TaO,Ta2+,O2-
TaSi,Ta2+,Si2-
TaSi,Ta3+,Si3-
TaSi,Ta4+,Si4-
TaP,Ta2+,P2-
TaP,Ta3+,P3-
TaS,Ta2+,S2-
TaCr,Ta2+,Cr2-
TaMn,Ta2+,Mn2-
TaMn,Ta3+,Mn3-
TaFe,Ta2+,Fe2-
TaGe,Ta2+,Ge2-
TaGe,Ta3+,Ge3-
TaGe,Ta4+,Ge4-
TaAs,Ta3+,As3-
TaSe,Ta2+,Se2-
TaMo,Ta2+,Mo2-
TaRu,Ta2+,Ru2-
TaSn,Ta4+,Sn4-
TaSb,Ta3+,Sb3-
TaTe,Ta2+,Te2-
TaW,Ta2+,W2-
TaRe,Ta3+,Re3-
TaOs,Ta2+,Os2-
TaIr,Ta3+,Ir3-
TaPt,Ta2+,Pt2-
TaPb,Ta4+,Pb4-
TaBi,Ta3+,Bi3-
HW,W1+,H1-
WC,W1+,C1-
WC,W2+,C2-
WC,W3+,C3-
WC,W4+,C4-
WN,W1+,N1-
WN,W2+,N2-
WN,W3+,N3-
WO,W1+,O1-
WO,W2+,O2-
WF,W1+,F1-
SiW,W1+,Si1-
SiW,W2+,Si2-
SiW,W3+,Si3-
SiW,W4+,Si4-
PW,W1+,P1-
PW,W2+,P2-
PW,W3+,P3-
WS,W1+,S1-
WS,W2+,S2-
WCl,W1+,Cl1-
FeW,W1+,Fe1-
FeW,W2+,Fe2-
CoW,W1+,Co1-
NiW,W1+,Ni1-
GeW,W1+,Ge1-
GeW,W2+,Ge2-
GeW,W3+,Ge3-
GeW,W4+,Ge4-
AsW,W3+,As3-
WSe,W2+,Se2-
WBr,W1+,Br1-
MoW,W1+,Mo1-
MoW,W2+,Mo2-
RuW,W2+,Ru2-
RhW,W1+,Rh1-
SnW,W4+,Sn4-
SbW,W3+,Sb3-
TeW,W2+,Te2-
WI,W1+,I1-
ReW,W1+,Re1-
ReW,W3+,Re3-
OsW,W1+,Os1-
OsW,W2+,Os2-
IrW,W1+,Ir1-
IrW,W3+,Ir3-
PtW,W1+,Pt1-
PtW,W2+,Pt2-
WAu,W1+,Au1-
TlW,W1+,Tl1-
PbW,W4+,Pb4-
BiW,W3+,Bi3-
ReH,Re1+,H1-
ReC,Re1+,C1-
ReC,Re2+,C2-
ReC,Re3+,C3-
ReC,Re4+,C4-
ReN,Re1+,N1-
ReN,Re2+,N2-
ReN,Re3+,N3-
ReO,Re1+,O1-
ReO,Re2+,O2-
ReF,Re1+,F1-
ReP,Re1+,P1-
ReP,Re2+,P2-
ReP,Re3+,P3-
ReS,Re1+,S1-
ReS,Re2+,S2-
ReCl,Re1+,Cl1-
ReNi,Re1+,Ni1-
ReGe,Re1+,Ge1-
ReGe,Re2+,Ge2-
ReGe,Re3+,Ge3-
ReGe,Re4+,Ge4-
ReAs,Re3+,As3-
ReSe,Re2+,Se2-
ReBr,Re1+,Br1-
ReMo,Re1+,Mo1-
ReMo,Re2+,Mo2-
ReRu,Re2+,Ru2-
ReRh,Re1+,Rh1-
ReSn,Re4+,Sn4-
ReSb,Re3+,Sb3-
ReTe,Re2+,Te2-
ReI,Re1+,I1-
ReOs,Re1+,Os1-
ReOs,Re2+,Os2-
ReIr,Re1+,Ir1-
ReIr,Re3+,Ir3-
RePt,Re1+,Pt1-
RePt,Re2+,Pt2-
ReAu,Re1+,Au1-
OsC,Os1+,C1-
OsC,Os2+,C2-
OsC,Os3+,C3-
OsC,Os4+,C4-
OsN,Os1+,N1-
OsN,Os2+,N2-
OsN,Os3+,N3-
OsO,Os1+,O1-
OsO,Os2+,O2-
OsF,Os1+,F1-
OsS,Os1+,S1-
OsS,Os2+,S2-
OsCl,Os1+,Cl1-
OsSe,Os2+,Se2-
OsBr,Os1+,Br1-
OsRh,Os1+,Rh1-
OsI,Os1+,I1-
OsAu,Os1+,Au1-
IrC,Ir1+,C1-
IrC,Ir2+,C2-
IrC,Ir3+,C3-
IrC,Ir4+,C4-
IrN,Ir1+,N1-
IrN,Ir2+,N2-
IrN,Ir3+,N3-
IrO,Ir1+,O1-
IrO,Ir2+,O2-
IrF,Ir1+,F1-
IrS,Ir1+,S1-
IrS,Ir2+,S2-
IrCl,Ir1+,Cl1-
IrSe,Ir2+,Se2-
IrBr,Ir1+,Br1-
IrRh,Ir1+,Rh1-
IrI,Ir1+,I1-
IrAu,Ir1+,Au1-
PtC,Pt1+,C1-
PtC,Pt2+,C2-
PtC,Pt3+,C3-
PtC,Pt4+,C4-
PtN,Pt1+,N1-
PtN,Pt2+,N2-
PtN,Pt3+,N3-
PtO,Pt1+,O1-
PtO,Pt2+,O2-
PtF,Pt1+,F1-
PtS,Pt1+,S1-
PtS,Pt2+,S2-
PtCl,Pt1+,Cl1-
PtSe,Pt2+,Se2-
PtBr,Pt1+,Br1-
PtRh,Pt1+,Rh1-
PtI,Pt1+,I1-
PtAu,Pt1+,Au1-
AuC,Au1+,C1-
AuC,Au2+,C2-
AuC,Au3+,C3-
AuN,Au1+,N1-
AuN,Au2+,N2-
AuN,Au3+,N3-
AuO,Au1+,O1-
AuO,Au2+,O2-
AuF,Au1+,F1-
AuS,Au1+,S1-
AuS,Au2+,S2-
AuCl,Au1+,Cl1-
AuSe,Au2+,Se2-
AuBr,Au1+,Br1-
AuI,Au1+,I1-
HgH,Hg1+,H1-
HgC,Hg1+,C1-
HgC,Hg2+,C2-
HgC,Hg4+,C4-
HgN,Hg1+,N1-
HgN,Hg2+,N2-
HgO,Hg1+,O1-
HgO,Hg2+,O2-
HgF,Hg1+,F1-
HgP,Hg1+,P1-
HgP,Hg2+,P2-
HgS,Hg1+,S1-
HgS,Hg2+,S2-
HgCl,Hg1+,Cl1-
NiHg,Hg1+,Ni1-
HgGe,Hg1+,Ge1-
HgGe,Hg2+,Ge2-
HgGe,Hg4+,Ge4-
HgSe,Hg2+,Se2-
HgBr,Hg1+,Br1-
HgMo,Hg1+,Mo1-
HgMo,Hg2+,Mo2-
HgRu,Hg2+,Ru2-
HgRh,Hg1+,Rh1-
SnHg,Hg4+,Sn4-
HgTe,Hg2+,Te2-
HgI,Hg1+,I1-
HgOs,Hg1+,Os1-
HgOs,Hg2+,Os2-
HgIr,Hg1+,Ir1-
HgPt,Hg1+,Pt1-
HgPt,Hg2+,Pt2-
HgAu,Hg1+,Au1-
TlH,Tl1+,H1-
TlC,Tl1+,C1-
TlC,Tl3+,C3-
TlN,Tl1+,N1-
TlN,Tl3+,N3-
TlO,Tl1+,O1-
TlF,Tl1+,F1-
TlSi,Tl1+,Si1-
TlSi,Tl3+,Si3-
TlP,Tl1+,P1-
TlP,Tl3+,P3-
TlS,Tl1+,S1-
TlCl,Tl1+,Cl1-
TlFe,Tl1+,Fe1-
TlCo,Tl1+,Co1-
TlNi,Tl1+,Ni1-
TlGe,Tl1+,Ge1-
TlGe,Tl3+,Ge3-
TlAs,Tl3+,As3-
TlBr,Tl1+,Br1-
TlMo,Tl1+,Mo1-
TlRh,Tl1+,Rh1-
TlSb,Tl3+,Sb3-
TlI,Tl1+,I1-
TlRe,Tl1+,Re1-
TlRe,Tl3+,Re3-
TlOs,Tl1+,Os1-
TlIr,Tl1+,Ir1-
TlIr,Tl3+,Ir3-
TlPt,Tl1+,Pt1-
TlAu,Tl1+,Au1-
TlBi,Tl3+,Bi3-
PbC,Pb2+,C2-
PbC,Pb4+,C4-
PbN,Pb2+,N2-
PbO,Pb2+,O2-
SiPb,Pb2+,Si2-
SiPb,Pb4+,Si4-
PPb,Pb2+,P2-
PbS,Pb2+,S2-
FePb,Pb2+,Fe2-
GePb,Pb2+,Ge2-
GePb,Pb4+,Ge4-
PbSe,Pb2+,Se2-
MoPb,Pb2+,Mo2-
RuPb,Pb2+,Ru2-
SnPb,Pb4+,Sn4-
TePb,Pb2+,Te2-
OsPb,Pb2+,Os2-
PtPb,Pb2+,Pt2-
BiH,Bi1+,H1-
BiC,Bi1+,C1-
BiC,Bi3+,C3-
BiN,Bi1+,N1-
BiN,Bi3+,N3-
BiO,Bi1+,O1-
BiF,Bi1+,F1-
BiP,Bi1+,P1-
BiP,Bi3+,P3-
BiS,Bi1+,S1-
BiCl,Bi1+,Cl1-
NiBi,Bi1+,Ni1-
GeBi,Bi1+,Ge1-
GeBi,Bi3+,Ge3-
BiAs,Bi3+,As3-
BiBr,Bi1+,Br1-
BiMo,Bi1+,Mo1-
BiRh,Bi1+,Rh1-
BiSb,Bi3+,Sb3-
BiI,Bi1+,I1-
BiOs,Bi1+,Os1-
BiIr,Bi1+,Ir1-
BiIr,Bi3+,Ir3-
BiPt,Bi1+,Pt1-
BiAu,Bi1+,Au1-
